ACK DynamoDB Controller, Cloud Management, "pod startswith ack-dynamodb-controller"
ACK RDS Controller, Cloud Management, "pod startswith ack-rds-controller"
ACK S3 Controller, Cloud Management, "pod startswith ack-s3-controller"
ACK SQS Controller, Message Queueing, "container equals sqs-controller"
ACK SQS Controller, Message Queueing, "pod startswith ack-sqs-controller"
Aerospike, Database, "container equals aerospike"
Aerospike, Database, "pod startswith aerospike"
Akri, IoT Infrastructure, "pod startswith akri-controller"
Akuity Agent, Deployment, "namespace equals akuity"
Akuity Agent, Deployment, "pod startswith akuity-agent"
Alertmanager, Observability, "container contains alertmanager"
Alertmanager, Observability, "pod startswith alertmanager"
Amazon CloudWatch Agent, Observability, "container contains cloudwatch-agent"
Amazon CloudWatch Agent, Observability, "namespace equals amazon-cloudwatch"
Amazon CloudWatch Agent, Observability, "pod contains cloudwatch-agent"
Amazon EBS CSI Driver, CSI Driver, "pod EndsWith ebs-csi-node"
Amazon EFS CSI Driver, Storage, "container equals aws-efs-csi-driver"
Amazon EFS CSI Driver, Storage, "pod startswith efs-csi-controller-"
Amazon EFS CSI Driver, Storage, "pod startswith efs-csi-node-"
Amazon EKS Pod Identity Agent, Identity and Access Management, "container equals eks-pod-identity-agent"
Amazon EKS Pod Identity Agent, Identity and Access Management, "pod startswith eks-pod-identity-agent"
Amazon Guard Duty, Security, "container contains aws-guardduty-agent"
Amazon VPC Lattice Controller, Networking, "pod startswith vpc-lattice-controller"
Apache ActiveMQ, Message Queueing, "container equals activemq"
Apache Airflow, Data Pipeline, "container equals airflow-scheduler"
Apache Airflow, Data Pipeline, "container equals airflow-webserver"
Apache Airflow, Data Pipeline, "namespace equals airflow"
Apache APISIX, API Gateway, "container equals apisix-ingress-controller"
Apache APISIX, API Gateway, "container equals apisix"
Apache APISIX, API Gateway, "namespace equals apisix"
Apache Camel K, Integration, "pod startswith camel-k-operator"
Apache Cassandra, Database, "container equals cassandra"
Apache Cassandra, Database, "namespace equals cassandra"
Apache CouchDB, Database, "container equals couchdb"
Apache CouchDB, Database, "pod startswith couchdb"
Apache Druid, Database, "container contains druid"
Apache Druid, Database, "pod startswith druid"
Apache Flink, Data Pipeline, "container equals flink-kubernetes-operator"
Apache Flink, Data Pipeline, "container equals flink-main-container"
Apache Flink, Data Pipeline, "namespace equals flink"
Apache Hadoop, Data Pipeline, "container equals hdfs-namenode"
Apache Hadoop, Data Pipeline, "container equals yarn-resourcemanager"
Apache Hadoop, Data Pipeline, "namespace equals hadoop"
Apache HTTP Server, Web Server, "container equals httpd"
Apache Kafka, Data Pipeline, "container equals kafka"
Apache NiFi, Data Pipeline, "container equals nifi"
Apache NiFi, Data Pipeline, "pod startswith nifi"
Apache PHP, Application Runtime, "container contains apache-php"
Apache PHP, Application Runtime, "container contains php-apache"
Apache PHP, Application Runtime, "pod contains apache-php"
Apache Pinot, Database, "container contains pinot"
Apache Pinot, Database, "pod startswith pinot"
Apache Pulsar, Message Queueing, "container equals pulsar"
Apache Skywalking Operator, Application Performance Management, "namespace equals skywalking-swck-system"
Apache Skywalking, Application Performance Management, "namespace equals skywalking-system"
Apache Skywalking, Application Performance Management, "namespace equals skywalking"
Apache Solr, Search, "container equals solr"
Apache Solr, Search, "pod startswith solr"
Apache Spark, Data Pipeline, "container equals spark-kubernetes-driver"
Apache Spark, Data Pipeline, "container equals spark-operator"
Apache Spark, Data Pipeline, "namespace equals spark"
Apache Superset, Data Visualization, "container equals superset"
Apache Superset, Data Visualization, "pod startswith superset"
Apache Tomcat, Web Server, "container equals tomcat"
Apache Zookeeper, Distributed Computing, "container equals zookeeper"
Apple FoundationDB, Database, "container equals foundationdb"
Apple FoundationDB, Database, "pod startswith fdb-cluster"
Apple Swift Server, Application Framework, "container contains swift"
Aqua Security, Security, "container equals aqua-agent"
Aqua Security, Security, "namespace equals aqua"
Aqua Security, Security, "pod startswith aqua-kube-enforcer-"
Argo CD (OpenShift), Deployment, "namespace equals openshift-gitops"
Argo CD, Deployment, "namespace equals argocd"
Argo CD, Deployment, "pod startswith argocd-server"
Argo Events, Workflow Management, "container equals argo-events-controller-manager"
Argo Rollouts, Deployment, "container equals argo-rollouts"
Argo Workflows, Workflow Management, "container equals workflow-controller"
Atlassian Bitbucket Operator, CI/CD, "pod startswith bitbucket-operator"
Atlassian Confluence Operator, Knowledge Management, "pod startswith confluence-operator"
Atlassian Crowd, Security, "container equals crowd"
Atlassian Jira Operator, Project Management, "pod startswith jira-operator"
Authentik, Identity and Access Management, "namespace equals authentik"
Authentik, Identity and Access Management, "pod contains authentik"
AWS Distro for OpenTelemetry, Observability, "container contains aws-otel-collector"
AWS Distro for OpenTelemetry, Observability, "pod contains aws-otel-"
AWS Load Balancer Controller, Load Balancer, "container equals aws-load-balancer-controller"
AWS Load Balancer Controller, Load Balancer, "pod startswith aws-load-balancer-controller"
AWS Secrets Manager CSI Provider, Secret Management, "pod startswith secrets-store-csi-driver-provider-aws"
AWS VPC CNI, CNI, "container equals aws-node"
Azure Arc Agent, Cluster Management, "namespace equals azure-arc"
Azure Key Vault CSI Driver, CSI Driver, "pod startswith csi-secrets-store-provider-azure"
Azure Policy for Kubernetes, Policy Engine, "pod startswith azure-policy"
Azure Service Operator, Cluster Management, "pod startswith aso-controller-manager"
Azure Workload Identity, Security, "pod startswith azure-workload-identity"
Backstage, Internal Developer Platform, "container equals backstage"
Backstage, Internal Developer Platform, "namespace equals backstage"
Bamboo Server / Agent, CI/CD, "container contains bamboo-agent"
Bamboo Server / Agent, CI/CD, "pod startswith bamboo-"
BFE, Networking, "container equals bfe"
Bitbucket Server / Data Center, CI/CD, "container equals bitbucket"
Bitbucket Server / Data Center, CI/CD, "pod startswith bitbucket"
Calico, CNI, "namespace equals calico-system"
Calico, CNI, "pod startswith calico-node"
Canonical Landscape Client, Systems Management, "container equals landscape-client"
Canonical Landscape Client, Systems Management, "pod startswith landscape-client"
Cast.ai, Node Autoscaler, "pod startswith castai-agent"
Ceph, Storage, "container equals rook-ceph-operator"
Ceph, Storage, "namespace equals rook-ceph"
Cert Manager, Security, "container equals cert-manager-controller"
Cert Manager, Security, "namespace equals cert-manager"
Chaos Mesh, Chaos Engineering, "namespace equals chaos-mesh"
Charmed Kubernetes Operator, Cluster Management, "namespace startswith charmed-kubernetes"
Charmed Kubernetes Operator, Cluster Management, "pod startswith juju-operator"
Cilium, CNI, "pod startswith cilium-"
Cisco AnyConnect, VPN, "container equals anyconnect"
Cisco AnyConnect, VPN, "namespace equals anyconnect"
Cisco AppDynamics Cluster Agent, Application Performance Management, "namespace equals appdynamics"
Cisco AppDynamics Cluster Agent, Application Performance Management, "pod startswith appdynamics-cluster-agent"
Cisco Secure Firewall, Security, "container equals ftd"
Cisco Secure Firewall, Security, "pod startswith cisco-ftd"
Cisco ThousandEyes Enterprise Agent, Observability, "container equals thousandeyes-agent"
Cisco ThousandEyes Enterprise Agent, Observability, "namespace equals thousandeyes"
Cisco ThousandEyes Enterprise Agent, Observability, "pod startswith thousandeyes"
ClickHouse, Database, "container equals clickhouse"
ClickHouse, Database, "pod startswith clickhouse-operator"
Cloudability, FinOps, "namespace equals cloudability"
Cloudability, FinOps, "namespace equals ibm-finops-agent"
Cloudability, FinOps, "pod contains finops-agent"
Cloudability, FinOps, "pod contains finopsagent"
CloudNativePG, Database Operator, "pod contains cloudnative-pg"
CloudNativePG, Database Operator, "pod startswith cnpg-controller-manager"
CloudZero, FinOps, "container equals cloudzero-agent"
CloudZero, FinOps, "namespace equals cloudzero"
Cluster API, Cluster Management, "namespace equals capi-system"
Cluster API, Cluster Management, "pod contains capi-controller-manager"
Cluster Autoscaler, Node Autoscaler, "container equals cluster-autoscaler"
Cluster Autoscaler, Node Autoscaler, "pod contains cluster-autoscaler"
ConfigHub, Configuration Management, "container equals confighub"
ConfigHub, Configuration Management, "namespace equals confighub"
Confluence Server / Data Center, Knowledge Management, "container equals confluence"
Confluence Server / Data Center, Knowledge Management, "pod startswith confluence"
containerd, Container Runtime, "container equals containerd"
Contour, Networking & Ingress, "container equals contour"
Contour, Networking & Ingress, "namespace equals projectcontour"
Copacetic, Security, "container equals copa"
CoreDNS, Control Plane Component, "pod Contains coredns"
Coroot, Observability, "container equals coroot"
Coroot, Observability, "namespace equals coroot"
Cortex, Observability, "container equals cortex"
Cortex, Observability, "namespace equals cortex"
Couchbase Operator, Database Operator, "pod startswith couchbase-operator"
Couchbase, Database, "container equals couchbase"
Couchbase, Database, "pod contains couchbase-server"
Cozystack, Cloud Platform, "container equals cozystack-operator"
Cozystack, Cloud Platform, "namespace equals cozystack"
CRI-O, Container Runtime, "container equals crio"
Crossplane, Cloud Management, "namespace equals crossplane-system"
Crossplane, Cloud Management, "pod startswith crossplane"
CSI Hostpath Provisioner, Storage, "container contains hostpath-provisioner"
CSI Hostpath Provisioner, Storage, "pod contains csi-hostpath"
Cumulocity IoT Edge, IoT Infrastructure, "namespace equals cumulocity-edge"
Cumulocity IoT Edge, IoT Infrastructure, "pod startswith c8y-edge"
Cyclops UI, Internal Developer Platform, "container equals cyclops-backend"
Cyclops UI, Internal Developer Platform, "namespace equals cyclops"
Cyclops UI, Internal Developer Platform, "pod startswith cyclops-ui-"
Dapr, Distributed Computing, "container contains dapr"
Dapr, Distributed Computing, "pod startswith dapr-operator"
Datadog, Observability, "pod startswith datadog"
Delta Lake Apache Spark Core, Data Pipeline, "container contains delta-core"
DevZero, Internal Developer Platform, "container equals devzero-agent"
DevZero, Internal Developer Platform, "namespace equals devzero"
Dex, Identity and Access Management, "namespace equals dex"
Directiv, Workflow Automation, "namespace equals directiv"
Directiv, Workflow Automation, "pod contains directiv-flow"
Django Application, Application Framework, "container contains django"
Dotnet/.NET Core, Application Framework, "container contains dotnet"
Dragonfly, Database, "container equals dragonfly"
Dragonfly, Database, "pod startswith dragonfly"
Drasi, Workflow Management, "namespace equals drasi-system"
DynamoDB Local, Database, "container equals dynamodb-local"
Dynatrace, Observability, "namespace Equals dynatrace"
Eclipse Kapua, IoT Infrastructure, "namespace equals kapua"
Eclipse Kapua, IoT Infrastructure, "pod startswith kapua-"
EdgeX Foundry, IoT Infrastructure, "namespace equals edgex"
EdgeX Foundry, IoT Infrastructure, "pod startswith edgex-"
Elasticsearch, Enterprise Search, "container startswith elasticsearch"
Elasticsearch, Enterprise Search, "pod startswith elastic-operator"
Emissary-Ingress, Ingress, "container equals emissary-ingress"
EMQX Operator, IoT Infrastructure, "pod startswith emqx-operator"
Envoy Gateway, Ingress, "namespace equals envoy-gateway-system"
Envoy Gateway, Ingress, "pod startswith envoy-gateway-"
Exostellar SDG, AI Infrastructure, "container equals sdg-controller"
Exostellar SDG, AI Infrastructure, "namespace equals exostellar-system"
Exostellar SDG, AI Infrastructure, "pod startswith exostellar-sdg-"
External Secrets Operator, Secret Management, "container equals external-secrets"
External Secrets Operator, Secret Management, "namespace equals external-secrets"
F5 BIG-IP Next Service Proxy for Kubernetes (SPK), Networking & Ingress, "container equals f5-tmm"
F5 BIG-IP Next Service Proxy for Kubernetes (SPK), Networking & Ingress, "pod startswith f5-tmm-"
F5 BIG-IP Next Service Proxy for Kubernetes (SPK), Networking & Ingress, "pod startswith f5ingress-"
F5 Distributed Cloud Mesh, Service Mesh, "namespace equals ves-system"
F5 Distributed Cloud Mesh, Service Mesh, "pod startswith volterra-"
F5 Ingress, Networking & Ingress, "container equals k8s-bigip-ctlr"
F5 Ingress, Networking & Ingress, "namespace equals f5-ingress"
F5 Ingress, Networking & Ingress, "pod contains f5-ingress"
Falco, Security, "container equals falco"
Falco, Security, "namespace equals falco"
FastAPI Application, Application Framework, "container contains fastapi"
Finout, FinOps "container equals finout-agent"
Finout, FinOps "namespace equals finout"
Flagger, Deployment, "namespace equals flagger"
Flagger, Deployment, "pod equals flagger"
Flannel, CNI, "container equals kube-flannel"
Flask Application, Application Framework, "container contains flask"
Fluent Bit, Observability, "container equals fluent-bit"
Fluent Bit, Observability, "pod startswith fluent-bit-"
Flux CD, GitOps, "container equals source-controller"
Flux CD, GitOps, "namespace equals flux-system"
FoundationDB Operator, Database Operator, "pod startswith fdb-kubernetes-operator"
GarageFS, Storage, "container equals garage"
GarageFS, Storage, "namespace equals garage"
Gatekeeper, Policy Engine, "namespace equals gatekeeper-system"
Gatekeeper, Policy Engine, "pod startswith gatekeeper-controller-manager"
GCE PD CSI Driver, Cluster Management, "pod startswith gce-pd-csi-"
GitHub Actions runners, Workflow Management, "namespace equals arc-runners"
GitHub Actions runners, Workflow Management, "namespace equals gha-runners-system"
GitLab Agent for Kubernetes, Cluster Management, "container equals kas-agent"
GitLab Agent for Kubernetes, Cluster Management, "pod startswith gitlab-agent"
GitLab Gitaly, Storage, "container equals gitaly"
GitLab Gitaly, Storage, "pod startswith gitlab-gitaly"
GitLab Operator, CI/CD, "namespace equals gitlab-system"
GitLab Operator, CI/CD, "pod startswith gitlab-controller-manager"
GitLab Runner, CI/CD, "container equals gitlab-runner"
GitLab Runner, CI/CD, "pod startswith gitlab-runner"
GitLab runners, Workflow Management, "namespace equals gitlab-runner-system"
GitLab runners, Workflow Management, "namespace equals gitlab-runner"
GitLab Sidekiq, Workflow Management, "pod startswith gitlab-sidekiq"
GitLab Webservice, Web Server, "pod startswith gitlab-webservice"
GKE Connect Agent, Cluster Management, "namespace equals gke-connect"
GKE Connect Agent, Cluster Management, "pod startswith connect-agent"
Go Application, Application Framework, "container contains golang"
Google Cloud Operations Agent, Observability, "container equals stackdriver-logging-agent"
Google Cloud Operations Agent, Observability, "pod startswith stackdriver-logging"
Google Config Connector, Cluster Management, "namespace equals config-control-system"
Google Config Connector, Cluster Management, "pod startswith configconnector-operator"
Google gVisor, Container Runtime, "container equals runsc"
Google gVisor, Container Runtime, "namespace contains gvisor"
Google gVisor, Container Runtime, "pod contains gvisor"
Grafana Alloy, Observability, "container equals alloy"
Grafana Alloy, Observability, "pod contains alloy-logs"
Grafana Alloy, Observability, "pod startswith alloy-"
Grafana Dashboards, Observability, "container equals grafana"
Grafana Loki, Observability, "container equals loki"
Grafana Loki, Observability, "namespace equals loki"
Grafana Mimir, Observability, "container equals mimir"
Grafana Mimir, Observability, "namespace equals mimir"
Grafana Mimir, Observability, "pod startswith mimir"
Grafana Tempo, Observability, "container equals tempo"
Grafana Tempo, Observability, "namespace equals tempo"
GraphQL Engine, API Gateway, "container contains graphql-engine"
HAMi, AI Infrastructure, "container equals hami-device-plugin"
HAMi, AI Infrastructure, "container equals hami-scheduler"
Harbor, Artifact Management, "pod contains harbor-core"
Harness Cloud Cost Management, FinOps, "container equals ccm-agent"
Harness Cloud Cost Management, FinOps, "pod contains harness-ccm"
Harness Cloud Cost Management, FinOps, "pod contains kubernetes-dh-delegate"
HashiCorp Vault, Secret Management, "container equals vault"
HashiCorp Vault, Secret Management, "namespace equals vault"
Hazelcast, Database, "container contains hazelcast"
Hazelcast, Database, "pod startswith hazelcast"
Headlamp, Developer Tools, "container equals headlamp"
Headlamp, Developer Tools, "namespace equals headlamp"
HiveMQ Platform Operator, IoT Infrastructure, "pod startswith hivemq-platform-operator"
Hugging Face TGI (Text Generation Inference), AI Infrastructure, "container contains text-generation-inference"
Hyperledger Fabric Orderer, Blockchain, "container equals fabric-orderer"
Hyperledger Fabric Peer, Blockchain, "container equals fabric-peer"
Hyperledger Fabric Peer, Blockchain, "pod startswith fabric-peer"
IBM App Connect, Integration, "pod startswith ibm-appconnect-"
IBM Cloud Pak for Data, Data Analytics, "namespace equals cpd"
IBM Cloud Pak for Data, Data Analytics, "namespace startswith zen-"
IBM MQ, Message Queueing, "container equals ibm-mq"
IBM MQ, Message Queueing, "pod startswith ibmmq-"
IBM Storage Scale, Storage, "pod startswith ibm-spectrum-scale-"
ingress-nginx, Networking & Ingress, "namespace equals ingress-nginx"
ingress-nginx, Networking & Ingress, "pod startswith ingress-nginx"
InToto, Security, "container contains intoto"
Istio Egress Gateway, Networking, "pod contains istio-egressgateway"
Istio Ingress Gateway, Networking, "namespace equals istio-ingress"
Istio Ingress Gateway, Networking, "pod contains istio-ingress"
Istio Ingress Gateway, Networking, "pod contains istio-ingressgateway"
Istio Operator, Cluster Management, "container contains istio-operator"
Istio Operator, Cluster Management, "pod contains istio-operator"
Istio Service Mesh (Ambient), Service Mesh, "container equals ztunnel"
Istio Service Mesh (Ambient), Service Mesh, "pod contains waypoint"
Istio Service Mesh (Sidecar), Service Mesh, "container Contains istio-proxy"
Istiod, Control Plane Component, "pod startswith istiod"
Jaeger, Observability, "container equals jaeger-query"
Jaeger, Observability, "namespace equals jaeger"
Java Operator SDK, Deployment, "container contains java-operator-sdk"
Jenkins, CI/CD, "namespace equals jenkins"
Jenkins, CI/CD, "pod startswith jenkins"
JenkinsX, CI/CD, "container equals jx-git-operator"
JenkinsX, CI/CD, "namespace equals jx"
Jfrog Artifactory, Artifact Management, "namespace equals artifactory"
Jira Cloud Connector, Integration, "pod startswith jira-cloud-connector"
Jira Server / Data Center, Project Management, "container equals jira"
Jira Server / Data Center, Project Management, "pod startswith jira"
JupyterHub, AI Infrastructure, "namespace equals jupyter"
JupyterHub, AI Infrastructure, "pod startswith jupyter"
k0s, Cluster Management, "pod startswith k0s-"
K3s Control Plane, Cluster Management, "container equals k3s"
K8ssandra Operator, Database Operator, "pod startswith k8ssandra-operator"
KAgent, Infrastructure Automation, "container equals kagent"
KAgent, Infrastructure Automation, "namespace equals kagent"
KAI Scheduler, AI Infrastructure, "namespace equals kai-scheduler"
KAI Scheduler, AI Infrastructure, "pod startswith scheduler-"
Kaito, AI Infrastructure, "container equals kaito-controller-manager"
Kaito, AI Infrastructure, "namespace equals kaito-system"
Kaito, AI Infrastructure, "pod contains kaito-gpu-provisioner"
Kamaji, Cluster Management, "container equals kamaji-controller-manager"
Kamaji, Cluster Management, "namespace equals kamaji-system"
Kanister, Backup, "namespace equals kanister"
Kanister, Backup, "pod contains kanister-operator"
Kargo, Deployment, "namespace equals kargo-system"
Kargo, Deployment, "pod startswith kargo-api"
Karpenter, Node Autoscaler, "pod startswith karpenter"
Kasten K10, Backup, "namespace equals kasten-io"
Kasten K10, Backup, "pod startswith k10-"
Kayenta, Deployment, "container equals kayenta"
KEDA, Pod Autoscaler, "pod startswith keda-operator"
Keycloak, Identity and Access Management, "container equals keycloak"
Keycloak, Identity and Access Management, "namespace equals keycloak"
KeyDB, Database, "container equals keydb"
KeyDB, Database, "pod startswith keydb"
Kgateway, API Gateway, "container equals kgateway"
Kgateway, API Gateway, "namespace equals kgateway-system"
Kgateway, API Gateway, "pod contains kgateway-controller"
Kgateway, API Gateway, "pod contains kgateway-operator"
Kiali, Service Mesh, "container equals kiali"
Kiali, Service Mesh, "namespace equals kiali-operator"
Kibana, Enterprise Search, "container equals kibana"
Kibana, Enterprise Search, "pod contains kibana"
Knative, Serverless Infrastructure, "namespace equals knative-eventing"
Knative, Serverless Infrastructure, "namespace equals knative-serving"
Komodor, Incident Management, "namespace contains komodor"
Komodor, Incident Management, "pod starts with komodor-agent"
Kong Gateway, API Gateway, "container equals ingress-controller"
Kong Gateway, API Gateway, "namespace equals kong"
Kong Gateway, API Gateway, "pod startswith kong-"
Kong Konnect, API Management, "namespace equals konnect"
Kong Konnect, API Management, "pod startswith konnect-"
Kong Mesh, Service Mesh, "container equals kuma-sidecar"
Kong Mesh, Service Mesh, "namespace equals kong-mesh-system"
Kong Mesh, Service Mesh, "pod startswith kong-mesh-control-plane"
Kro, Deployment, "namespace equals kro-system"
KServe, AI Infrastructure, "namespace equals kserve"
KServe, AI Infrastructure, "pod contains kserve"
KubeArmor, Security, "pod startswith kubearmor-"
Kubecost, Kubernetes Optimization, "container equals cost-model"
Kubecost, Kubernetes Optimization, "namespace equals kubecost"
Kubecost, Kubernetes Optimization, "pod startswith kubecost"
KubeEdge, IoT Infrastructure, "namespace equals kubeedge"
KubeEdge, IoT Infrastructure, "pod startswith edge-controller"
Kubeflow, AI Infrastructure, "namespace equals kubeflow"
KubeRay, AI Infrastructure, "pod startswith kuberay-operator-"
Kubescape, Security, "container equals kubescape-operator"
Kubescape, Security, "namespace equals kubescape"
Kubescape, Security, "pod contains kubescape"
KubeShare, AI Infrastructure, "container equals kubeshare-device-manager"
KubeShare, AI Infrastructure, "container equals kubeshare-scheduler"
KubeShare, AI Infrastructure, "namespace equals kubeshare"
KubeStellar, Cluster Management, "container equals kubestellar-controller-manager"
KubeStellar, Cluster Management, "namespace equals kubestellar-system"
KubeVirt, Virtualization, "container equals virt-launcher"
KubeVirt, Virtualization, "namespace equals kubevirt"
KubeVirt, Virtualization, "pod contains virt-controller"
Kubex Automation Controller (Deprecated), Kubernetes Optimization, "pod contains kubex-automation-controller"
Kubex Automation Engine, Kubernetes Optimization, "pod Contains kubex-automation-engine"
Kubex GPU Process Exporter, Kubernetes Optimization, "pod contains gpu-process-exporter"
Kubex kube-state-metrics, Kubernetes Optimization, "pod contains kubex-kube-state-metrics"
Kubex node-exporter, Kubernetes Optimization, "pod Contains kubex-prometheus-node-exporter"
Kubex Prometheus Server, Kubernetes Optimization, "pod Contains kubex-prometheus-server"
Kubex Storage Metrics Collector, Kubernetes Optimization, "pod contains k8s-ephemeral-storage-metrics"
kubriX, Internal Developer Platform, "container equals kubrix-operator"
kubriX, Internal Developer Platform, "namespace equals kubrix-system"
Kueue, AI Infrastructure, "container equals kueue"
Kueue, AI Infrastructure, "namespace equals kueue-system"
Kyverno, Policy Engine, "pod startswith kyverno-admission-controller"
Lens Autopilot, Kubernetes Optimization, "namespace equals lens-autopilot"
Lens Autopilot, Kubernetes Optimization, "pod startswith lens-autopilot-"
Linkerd, Service Mesh, "container equals linkerd-proxy"
Linkerd, Service Mesh, "namespace equals linkerd"
LINSTOR, Storage, "container equals linstor-controller"
LINSTOR, Storage, "container equals linstor-satellite"
LINSTOR, Storage, "namespace equals linstor"
Litmus, Chaos Engineering, "namespace startswith litmus"
Litmus, Chaos Engineering, "pod startswith chaos-litmus-frontend"
LocalStack (AWS Mock), Message Queueing, "container equals localstack"
LocalStack (AWS Mock), Message Queueing, "pod startswith localstack"
Longhorn, Storage, "container equals longhorn-manager"
Longhorn, Storage, "namespace equals longhorn-system"
MariaDB Operator, Database Operator, "pod startswith mariadb-operator"
MariaDB, Database, "container equals mariadb"
MariaDB, Database, "namespace equals mariadb"
MariaDB, Database, "pod startswith mariadb"
Memcached, Database, "container equals memcached"
Memcached, Database, "pod startswith memcached"
MetalLB, Load Balancer, "container equals speaker"
MetalLB, Load Balancer, "namespace equals metallb-system"
metrics-server (HPA), Pod Autoscaler, "pod startswith metrics-server"
MicroK8s Control Plane, Cluster Management, "container equals microk8s"
MicroK8s Control Plane, Cluster Management, "pod startswith microk8s-"
Micronaut, Application Framework, "container contains micronaut"
MinIO, Storage, "container equals minio"
MinIO, Storage, "namespace equals minio"
MLflow Tracking Server, AI Infrastructure, "container equals mlflow"
MLflow Tracking Server, AI Infrastructure, "pod startswith mlflow"
MongoDB Community Operator, Database Operator, "container equals mongodb-kubernetes-operator"
MongoDB Community Operator, Database Operator, "pod contains mongodb-kubernetes-operator"
MongoDB, Database, "container equals mongodb"
MongoDB, Database, "namespace equals mongodb"
MySQL, Database, "container equals mysql"
MySQL, Database, "namespace equals mysql"
n8n, Workflow Management, "namespace equals base-n8n"
n8n, Workflow Management, "pod startswith n8n"
NATS, Message Queueing, "container equals nats"
NATS, Message Queueing, "pod startswith nats-"
nginx, Web Server "container equals nginx"
nginx, Web Server "pod equals nginx"
nOps, FinOps, "container equals nops-agent"
nOps, FinOps, "namespace equals nops"
nOps, FinOps, "pod contains nops-operator"
NOS, AI Infrastructure, "container equals nos"
NOS, AI Infrastructure, "namespace equals nos-system"
NOS, AI Infrastructure, "pod contains nos-controller"
NOS, AI Infrastructure, "pod contains nos-operator"
Notary, Security, "pod startswith notary-"
NVIDIA DCGM Exporter, AI Infrastructure, "container contains nvidia-dcgm-exporter"
NVIDIA DCGM Exporter, AI Infrastructure, "pod contains dcgm-exporter"
NVIDIA Device Plug-in Manager, AI Infrastructure, "pod contains nvidia-device-plugin"
NVIDIA Device Plugin Manager, AI Infrastructure, "container equals nvidia-device-plugin-ctr"
NVIDIA DRA Driver, AI Infrastructure, "container equals compute-domain-kubelet-plugin"
NVIDIA DRA Driver, AI Infrastructure, "container equals gpu-kubelet-plugin"
NVIDIA DRA Driver, AI Infrastructure, "namespace equals nvidia-dra-driver-gpu"
NVIDIA DRA Driver, AI Infrastructure, "pod contains nvidia-dra-driver-gpu"
NVIDIA GPU Feature Discovery, AI Infrastructure, "container contains gpu-feature-discovery"
NVIDIA GPU Feature Discovery, AI Infrastructure, "pod contains gpu-feature-discovery"
NVIDIA GPU Operator, AI Infrastructure, "container equals "gpu-operator"
NVIDIA MIG Manager, AI Infrastructure, "container equals nvidia-mig-manager"
NVIDIA Network Operator, Networking, "namespace equals network-operator"
NVIDIA Network Operator, Networking, "pod startswith network-operator"
NVIDIA Operator Validator, AI Infrastructure, "container equals nvidia-operator-validator"
Odigos, Observability, "namespace equals odigos-system"
Odigos, Observability, "pod equals odiglet"
OKE Cluster Agent, Cluster Management, "container equals oke-agent"
OKE Cluster Agent, Cluster Management, "pod startswith oke-cluster-agent"
Okta Access Gateway, Identity and Access Management, "pod startswith okta-access-gateway"
Okta Advanced Server Access Agent, Identity and Access Management, "container contains scaleft"
Okta Advanced Server Access Agent, Identity and Access Management, "container contains sftd"
Okta Advanced Server Access Agent, Identity and Access Management, "pod contains okta-asa"
Okta Privileged Access Agent, Identity and Access Management, "container contains okta-pam"
Okta Privileged Access Agent, Identity and Access Management, "pod contains okta-pam"
Ollama, AI Infrastructure, "container equals ollama"
Ollama, AI Infrastructure, "pod startswith ollama-"
ONAP (Open Network Automation Platform), Networking, "namespace equals onap"
OpenBao, Secret Management, "container equals openbao"
OpenBao, Secret Management, "namespace equals openbao"
OpenCost, FinOps, "container equals opencost"
OpenCost, FinOps, "namespace equals opencost"
OpenDaylight, Networking, "container equals opendaylight"
OpenEBS, Storage, "namespace equals openebs"
OpenEBS, Storage, "pod contains openebs-"
OpenSearch, Enterprise Search, "container equals opensearch-dashboards"
OpenSearch, Enterprise Search, "container equals opensearch"
OpenSearch, Enterprise Search, "namespace equals opensearch"
OpenShift API Server, Cluster Management, "namespace equals openshift-apiserver"
OpenShift Authentication, Identity and Access Management, "namespace equals openshift-authentication"
OpenShift Cluster Version Operator, Cluster Management, "namespace equals openshift-cluster-version"
OpenShift Console, Management Console, "namespace equals openshift-console"
OpenShift DNS, Networking, "namespace equals openshift-dns"
OpenShift Image Registry, Container Registry, "namespace equals openshift-image-registry"
OpenShift Ingress, Networking, "namespace equals openshift-ingress"
OpenShift Monitoring, Observability, "namespace equals openshift-monitoring"
OpenTelemetry Collector, Observability, "pod contains otel-collector-agent"
OpenTelemetry Operator, Observability, "pod startswith opentelemetry-operator"
OpenUnison, Identity and Access Management, "namespace contains openunison"
OpenUnison, Identity and Access Management, "pod contains openunison"
OpenVPN, VPN, "container equals openvpn"
OpenVPN, VPN, "namespace equals openvpn"
Oracle Autonomous Database, Database, "container contains autonomous-db"
Oracle Cloud Infrastructure (OCI) CSI Driver, CSI Driver, "pod startswith oci-csi-"
Oracle Coherence Operator, In-Memory Data Grid, "pod startswith coherence-operator"
Oracle Database Operator, Database Operator, "pod startswith oracle-database-operator"
Oracle WebLogic Kubernetes Operator, Middleware Operator, "pod startswith weblogic-operator"
Oracle WebLogic Server, Middleware, "container contains weblogic"
OVN-Kubernetes, CNI, "container contains ovnkube"
OVN-Kubernetes, CNI, "namespace equals openshift-ovn-kubernetes"
OVN-Kubernetes, CNI, "namespace equals ovn-kubernetes"
OVN-Kubernetes, CNI, "pod contains ovnkube"
Percona Operator for MongoDB, Database Operator, "container equals percona-server-mongodb-operator"
Percona Operator for MongoDB, Database Operator, "namespace equals pxc-operator"
Percona Operator for MongoDB, Database Operator, "pod startswith percona-server-mongodb-operator-"
Percona Operator for MySQL, Database Operator, "container equals percona-xtradb-cluster-operator"
Percona Operator for MySQL, Database Operator, "namespace equals percona"
Percona Operator for MySQL, Database Operator, "pod startswith percona-xtradb-cluster-operator-"
Percona Operator for PostgreSQL, Database Operator, "container equals postgresql-operator"
Percona Operator for PostgreSQL, Database Operator, "pod startswith percona-postgresql-operator-"
PerfectScale, Kubernetes Optimization, "container equals perfectscale-agent"
PerfectScale, Kubernetes Optimization, "pod startswith psc-agent-operator"
Pixie, Observability, "container contains vizier-"
Pixie, Observability, "pod contains vizier-"
Portworx, Storage, "container equals portworx-operator"
Portworx, Storage, "namespace equals portworx"
PostgreSQL, Database, "container equals postgres"
Presto, Database, "container contains prestodb"
Presto, Database, "pod startswith presto-"
Pritunl, VPN, "container equals pritunl"
Pritunl, VPN, "namespace equals pritunl"
Prometheus, Observability, "container Contains prometheus"
Pyroscope, Observability, "pod startswith pyroscope-"
Python WSGI/ASGI Server, Application Framework, "container contains gunicorn"
Python WSGI/ASGI Server, Application Framework, "container contains uvicorn"
PyTorch TorchX, AI Infrastructure, "container contains torchx"
PyTorch Training Job, AI Infrastructure, "pod contains pytorchjob"
Quarkus, Application Framework, "container contains quarkus"
RabbitMQ Operator, Message Queueing Operator, "pod contains rabbitmq-cluster-operator"
RabbitMQ, Message Queueing, "container contains rabbitmq"
RabbitMQ, Message Queueing, "namespace equals rabbitmq"
Radius, Cluster Management, "namespace equals radius-system"
Radius, Cluster Management, "pod startswith rad-controller"
Rancher Fleet Agent, Deployment, "namespace equals cattle-fleet-system"
Rancher Fleet Agent, Deployment, "pod startswith fleet-agent"
Rancher Local Path Provisioner, Storage, "container equals local-path-provisioner"
Rancher Local Path Provisioner, Storage, "namespace equals local-path-storage"
Rancher Local Path Provisioner, Storage, "pod contains local-path-provisioner"
Rancher, Cluster Management, "container equals rancher"
Rancher, Cluster Management, "namespace equals cattle-system"
Ray, AI Infrastructure, "container equals kuberay-operator"
Ray, AI Infrastructure, "namespace equals kuberay"
Red Hat Advanced Cluster Management (RHACM), Cluster Management, "namespace equals open-cluster-management"
Red Hat Advanced Cluster Management (RHACM), Cluster Management, "pod contains multicluster-operators"
Red Hat Ansible Automation Controller, Infrastructure as Code, "pod startswith automation-controller"
Red Hat JBoss Enterprise Application Platform, Application Server, "container contains jboss-eap"
Red Hat JBoss Enterprise Application Platform, Application Server, "pod startswith jboss-eap"
Red Hat OpenShift GitOps Engine, Deployment, "pod startswith openshift-gitops-repo-server"
Red Hat OpenShift Ingress Operator, Networking, "namespace equals openshift-ingress-operator"
Red Hat Quay Enterprise, Artifact Management, "container equals quay-app"
Red Hat Quay Operator, Artifact Management, "pod contains quay-operator"
Redis, Database, "container equals redis-master"
Redis, Database, "pod contains redis"
Redit Operator, Database Operator, "pod startswith redis-operator"
Redpanda, Data streaming, "pod beginswith redpanda"
Redpanda, Database, "container equals redpanda"
Reflector, Configuration Management, "container equals reflector"
Robusta, Incident Management, "namespace equals robusta"
Robusta, Incident Management, "pod contains robusta-forwarder-"
Robusta, Incident Management, "pod contains robusta-runner-"
Salesforce CRAFT, Developer Tools, "pod startswith craft-operator"
Salesforce KRC, Cluster Management, "pod startswith krc-controller"
Salesforce Sloop, Observability, "container equals sloop"
Salesforce Sloop, Observability, "pod startswith sloop"
SAP Data Intelligence Observer, Database Operator, "pod startswith sdi-observer"
SAP Data Intelligence, Data Analytics, "namespace equals sdi"
SAP Kyma, Cluster Management, "namespace equals kyma-integration"
SAP Kyma, Cluster Management, "namespace equals kyma-system"
SAP Pod Reloader, Utility, "pod startswith pod-reloader"
SAP SLC Bridge, Deployment, "namespace equals sap-slcbridge"
ScaleOps, Kubernetes Optimization, "container equals scaleops-agent"
ScaleOps, Kubernetes Optimization, "namespace Equals scaleops-system"
ScyllaDB Operator, Database Operator, "pod startswith scylla-operator"
ScyllaDB, Database, "container equals scylla"
ScyllaDB, Database, "pod startswith scylla-cluster-"
SeaweedFS, Storage, "container equals seaweedfs"
SeaweedFS, Storage, "namespace equals seaweedfs"
SeaweedFS, Storage, "pod contains seaweedfs-filer"
Sedai, Kubernetes Optimization, "container equals sedai-agent"
Sedai, Kubernetes Optimization, "pod startswith sedai-smart-agent"
Seldon Core, AI Infrastructure, "container equals seldon-container-engine"
Seldon Core, AI Infrastructure, "container equals seldon-core-operator"
Seldon Core, AI Infrastructure, "namespace equals seldon-system"
ServiceNow Agent, Incident Management, "container contains servicenow"
ServiceNow Agent, Incident Management, "pod startswith servicenow-agent"
SOPS, Secret Management, "container equals sops-decrypter"
SOPS, Secret Management, "container equals sops-operator"
SOPS, Secret Management, "namespace equals sops-operator"
Spinnaker, Deployment, "namespace equals spinnaker"
Splunk Connect for Kubernetes, Observability, "pod startswith splunk-kubernetes-"
Splunk Enterprise Cluster Manager, Observability, "pod startswith splunk-cluster-manager"
Splunk Enterprise Indexer, Observability, "pod startswith splunk-indexer"
Splunk Enterprise Search Head, Observability, "pod startswith splunk-searchhead"
Splunk Enterprise Standalone, Observability, "pod startswith splunk-standalone"
Splunk OpenTelemetry Collector, Observability, "container contains splunk-otel-collector"
Splunk OpenTelemetry Collector, Observability, "pod contains splunk-otel-collector"
Splunk Operator, Cluster Management, "container equals splunk-operator"
Splunk Operator, Cluster Management, "pod startswith splunk-operator"
Splunk Universal Forwarder, Observability, "container equals splunk-forwarder"
Splunk Universal Forwarder, Observability, "pod startswith splunk-forwarder"
Spot Ocean, FinOps, "container equals ocean-kubernetes-controller"
Spot Ocean, FinOps, "namespace equals spot-system"
Spot Ocean, FinOps, "pod contains ocean-kubernetes-controller"
Spring Boot Operator, Deployment, "pod startswith spring-boot-operator"
Spring Boot, Application Framework, "container contains spring-boot"
Spring Cloud Data Flow, Workflow Management, "container contains spring-cloud-dataflow"
Spring Cloud Data Flow, Workflow Management, "pod startswith scdf-server"
StackStorm, Workflow Management, "namespace equals stackstorm"
StackStorm, Workflow Management, "pod contains stackstorm"
Stakater Reloader, Utility, "container equals reloader"
Stakater Reloader, Utility, "namespace equals reloader"
Stakater Reloader, Utility, "pod startswith reloader"
StarRocks, Database, "namespace equals starrocks"
StarRocks, Database, "pod startswith starrockscluster"
StormForge, Kubernetes Optimization, "namespace equals stormforge-system"
StormForge, Kubernetes Optimization, "pod startswith stormforge-agent"
Strimzi, Data Pipeline Operator, "pod startswith strimzi-cluster-operator"
SUSE Harvester Cloud Provider, Cloud Management, "pod startswith harvester-cloud-provider"
SUSE NeuVector Controller, Security, "namespace equals neuvector"
SUSE NeuVector Controller, Security, "pod startswith neuvector-controller-"
SUSE NeuVector Enforcer, Security, "pod startswith neuvector-enforcer-"
SUSE NeuVector Scanner, Security, "pod startswith neuvector-scanner-"
Tailscale, VPN, "container equals tailscale-operator"
Tailscale, VPN, "container equals tailscale"
Tailscale, VPN, "namespace equals tailscale"
Tekton, Deployment, "container equals tekton-pipelines-controller"
Tekton, Deployment, "namespace equals tekton-pipelines"
Tekton, Deployment, "pod contains tekton-pipelines"
Teleport, Identity and Access Management, "container equals teleport"
Teleport, Identity and Access Management, "namespace equals teleport"
Teleport, Identity and Access Management, "pod contains teleport-"
Telepresence, Developer Tooling, "pod startswith traffic-manager"
TensorFlow Training Job, AI Infrastructure, "pod contains tfjob-"
Tetragon, Security, "container equals tetragon"
Tetragon, Security, "pod startswith tetragon-"
Thanos, Observability, "pod contains thanos-query"
TiKV, Database, "pod startswith tikv-"
Traefik, Networking & Ingress, "container equals traefik"
Traefik, Networking & Ingress, "namespace equals traefik"
TrilioVault, Backup, "namespace equals trilio-system"
TrilioVault, Backup, "pod contains triliovault-"
Triton Inference Server, AI Infrastructure, "container equals tritonserver"
Triton Inference Server, AI Infrastructure, "pod startswith tritonserver"
Trivy, Security, "container equals trivy-operator"
Trivy, Security, "namespace equals trivy-system"
Turbonomic, Kubernetes Optimization, "container equals kubeturbo"
Turbonomic, Kubernetes Optimization, "namespace equals turbonomic"
Ubuntu Pro Client, Security, "container contains ubuntu-advantage"
Valkey, Database, "container equals valkey"
Valkey, Database, "namespace equals valkey"
Velero, Backup, "namespace equals velero"
Velero, Backup, "pod startswith velero"
Vert.x, Application Framework, "container contains vertx"
VictoriaLogs, Observability, "container equals victoria-logs"
VictoriaLogs, Observability, "container equals vlogs"
VictoriaMetrics, Observability, "container equals vm-operator"
VictoriaMetrics, Observability, "container equals vmsingle"
VictoriaMetrics, Observability, "namespace equals victoria-metrics"
VictoriaTraces, Observability, "container equals victoria-traces"
VictoriaTraces, Observability, "container equals vtstorage"
Vitess, Database, "pod startswith vitess-"
vLLM, AI Infrastructure, "container contains vllm"
vLLM, AI Infrastructure, "pod contains vllm"
VMware Antrea CNI, CNI, "pod contains antrea-agent"
VMware Avi Kubernetes Operator, Networking, "namespace equals avi-system"
VMware CSI Driver for vSphere, CSI Driver, "pod startswith vsphere-csi-"
VMware Tanzu Autoscale Controller, Pod Autoscaler, "pod startswith tanzu-autoscale-controller"
VMware Tanzu Cluster API Provider, Cluster Management, "pod startswith capw-controller-manager"
VMware Tanzu Kubernetes Grid Service, Cluster Management, "namespace equals vmware-system-tkg"
VMware Tanzu Kubernetes Grid Service, Cluster Management, "pod startswith vmware-system-tkg-"
Volcano, Batch Scheduling, "pod startswith volcano-"
VPA Recommender, Pod Autoscaler, "pod startswith vpa-recommender"
VPA Updater, Pod Autoscaler, "pod startswith vpa-updater"
Wayfair VPA, Pod Autoscaler, "pod contains wfvertical-pod-autoscaler-vpa-generator"
WireGuard, VPN, "container equals wireguard"
WireGuard, VPN, "namespace equals wireguard"
Wiz, Security, "container equals wiz-broker"
Wiz, Security, "container equals wiz-sensor"
Wiz, Security, "namespace equals wiz"